{
    "come_fly_with_me":{
        "category":"master",
        "sounds":[
            "custom:come_fly_with_me"
        ]
    },
    "fly_me_to_the_moon":{
        "category":"master",
        "sounds":[
            "custom:fly_me_to_the_moon"
        ]
    },
    "go_go_go_go":{
        "category":"master",
        "sounds":[
            "custom:go_go_go_go"
        ]
    },
    "i_feel_a_song_coming_on":{
        "category":"master",
        "sounds":[
            "custom:i_feel_a_song_coming_on"
        ]
    },
    "ive_got_the_world_on_a_string":{
        "category":"master",
        "sounds":[
            "custom:ive_got_the_world_on_a_string"
        ]
    },
    "ive_got_you_under_my_skin":{
        "category":"master",
        "sounds":[
            "custom:ive_got_you_under_my_skin"
        ]
    },
    "luck_be_a_lady":{
        "category":"master",
        "sounds":[
            "custom:luck_be_a_lady"
        ]
    },
    "money_is_a_problem":{
        "category":"master",
        "sounds":[
            "custom:money_is_a_problem"
        ]
    },
    "my_way":{
        "category":"master",
        "sounds":[
            "custom:my_way"
        ]
    },
    "not_enough_indians":{
        "category":"master",
        "sounds":[
            "custom:not_enough_indians"
        ]
    },
    "powder_your_face_with_sunshine":{
        "category":"master",
        "sounds":[
            "custom:powder_your_face_with_sunshine"
        ]
    },
    "promise_her_anything":{
        "category":"master",
        "sounds":[
            "custom:promise_her_anything"
        ]
    },
    "secret":{
        "category": "master",
        "sounds":[
            "custom:secret"
        ]
    },
    "somethin_stupid":{
        "category": "master",
        "sounds":[
            "custom:somethin_stupid"
        ]
    },
    "strangers_in_the_night":{
        "category":"master",
        "sounds":[
            "custom:strangers_in_the_night"
        ]
    },
    "sway":{
        "category":"master",
        "sounds":[
            "custom:sway"
        ]
    },
    "thats_life":{
        "category":"master",
        "sounds":[
            "custom:thats_life"
        ]
    },
    "the_best_is_yet_to_come":{
        "category":"master",
        "sounds":[
            "custom:the_best_is_yet_to_come"
        ]
    },
    "the_girl_from_ipanema":{
        "category":"master",
        "sounds":[
            "custom:the_girl_from_ipanema"
        ]
    },
    "the_way_you_look_tonight":{
        "category":"master",
        "sounds":[
            "custom:the_way_you_look_tonight"
        ]
    },
    "youre_nobody_till_somebody_loves_you":{
        "category":"master",
        "sounds":[
            "custom:youre_nobody_till_somebody_loves_you"
        ]
    }
}